<?xml version="1.0" encoding="UTF-8" standalone="yes"?>
<addon id="plugin.video.kurd" name="[COLOR red]KURDISH.[COLOR green]TV[/COLOR]" version="5.18" provider-name="Halow">
  <requires>
    <import addon="xbmc.python" version="2.1.0" />
  </requires>
  <extension point="xbmc.python.pluginsource"
            library="default.py">
        <provides>video</provides>
  </extension>
  <extension point="xbmc.addon.metadata">
    <platform>all</platform>
    <summary> Halow Tv LA FB</summary>
    <description>Kurdistan Livestreams 
 HAMO KANAKI KURDI BA FREE BO KURDANI HAMODINE HIWA DARIN SUDI HABET BO HAMWAN </description>
  </extension>
</addon>
