<?xml version="1.0" encoding="UTF-8" standalone="yes"?>
<addon id="plugin.video.iranproud"
       name="[COLOR red]IRAN[COLOR green]MOVIES[/COLOR]"
       version="0.0.1"
       provider-name="HALOW TV TEAM">
  <requires>
    <import addon="xbmc.python" version="2.1.0"/>
    <import addon="script.module.requests"/>
	<import addon="script.module.beautifulsoup" version="3.2.1"/>
  </requires>
  <extension point="xbmc.python.pluginsource"
            library="default.py">
        <provides>video</provides>
  </extension>
  <extension point="xbmc.addon.metadata">
    <summary lang="en">This is an Addon for Iranproud.net</summary>
    <language>en</language>
    <description lang="en"></description>
     <platform>all</platform>
  </extension>
</addon>
