<?xml version="1.0" encoding="UTF-8" standalone="yes"?>
<addon id="plugin.video.kurdsubtitle"
       name="[COLOR red]Kurd[COLOR green]-Subtitle[/COLOR]"
       version="0.0.1"
       provider-name="HalowTV Team">
  <requires>
    <import addon="xbmc.python" version="2.1.0"/>
    <import addon="script.module.requests"/>
	<import addon="script.module.t0mm0.common" version="1.1.0"/>
    <import addon="script.module.beautifulsoup" version="3.2.1"/>
    <import addon="script.module.urlresolver" version="3.0.25" />
  </requires>
  <extension point="xbmc.python.pluginsource"
            library="default.py">
        <provides>video</provides>
  </extension>
  <extension point="xbmc.addon.metadata">
    <summary lang="en">An addon for Kurdcinama.com</summary>
    <language>en</language>
    <description lang="en">Enjoy</description>
     <platform>all</platform>
  </extension>
</addon>
