<addon id="plugin.video.dreamfilm" name="Dreamfilm" provider-name="Daniel Lundin" version="0.1.15">
  <requires>
    <import addon="xbmc.python" version="2.1.0"/>
  </requires>
  <extension library="default.py" point="xbmc.python.pluginsource">
    <provides>video</provides>
  </extension>
  <extension point="xbmc.addon.metadata">
    <platform>all</platform>
    <summary>Stream from http://dreamfilmhd.org</summary>
    <description>Stream from http://dreamfilmhd.org</description>
  </extension>
</addon>
