<?xml version="1.0" encoding="UTF-8" standalone="yes"?>
<addon id="plugin.video.kurd" name="[COLOR red]KURDISH.[COLOR green]TV[/COLOR]" version="4.5" provider-name="Halow">
  <requires>
    <import addon="xbmc.python" version="2.1.0" />
  </requires>
  <extension point="xbmc.python.pluginsource"
            library="default.py">
        <provides>video</provides>
  </extension>
  <extension point="xbmc.addon.metadata">
    <platform>all</platform>
    <summary>FB Halow Tv add ons</summary>
    <description>Kurdistan Livestreams 

 ALL KURDISH TV FROM HALOW TV</description>
  </extension>
</addon>
