<?xml version="1.0" encoding="UTF-8" standalone="yes"?>
<addon id="plugin.video.halowmovies" name="[COLOR red][B]Halow[COLOR green] Movies[/B][/COLOR]" version="1.1" provider-name="halow">
  <requires>
    <import addon="xbmc.python" version="2.1.0"/>
	<import addon="script.module.addon.common" />
	<import addon="script.module.metahandler" version="2.5.1"/>
	<import addon="script.module.requests" />
  </requires>
  <extension point="xbmc.python.pluginsource" library="default.py">
        <provides>video</provides>
  </extension>
  <extension point="xbmc.addon.metadata">
    <summary lang="en"></summary>
    <description lang="en"></description>
	<disclaimer lang="en"></disclaimer>
    <platform>all</platform>
  </extension>
</addon>
