<?xml version="1.0" encoding="UTF-8" standalone="yes"?>
<addon id="plugin.video.cinama"
       name="[COLOR cyan][I]Kurd[/I][/COLOR][COLOR ghostwhite]Cinema[/COLOR]"
       version="0.0.1"
       provider-name="RaWisha">
  <requires>
    <import addon="xbmc.python" version="2.1.0"/>
    <import addon="script.module.requests"/>
	<import addon="script.module.t0mm0.common" version="1.1.0"/>
  </requires>
  <extension point="xbmc.python.pluginsource"
            library="default.py">
        <provides>video</provides>
  </extension>
  <extension point="xbmc.addon.metadata">
    <summary lang="en">An addon for Kurdcinama.com</summary>
    <language>en</language>
    <description lang="en">Enjoy</description>
     <platform>all</platform>
  </extension>
</addon>
