<?xml version="1.0" encoding="UTF-8" standalone="yes"?>
<addon id="plugin.program.HalowTV" name="HalowTV Wizard" version="1.0" provider-name="HalowTV">
  <requires>
    <import addon="xbmc.python" version="2.1.0"/>
  </requires>
  <extension point="xbmc.python.pluginsource" library="default.py">
        <provides>executable</provides>
  </extension>
  <extension point="xbmc.addon.metadata">
    <summary lang="en">HalowTV Wizard</summary>
    <description lang="en">Welcome to the first HalowTV build</description>
    <platform>all</platform>
  </extension>
</addon>
